Январь,,,,,Февраль,,,,,Март,,,,,Апрель,,,,,Май,,,,,Июнь,,,
Приход,Сумма,Расход,Сумма,,Приход,Сумма,Расход,Сумма,,Приход,Сумма,Расход,Сумма,,Приход,Сумма,Расход,Сумма,,Приход,Сумма,Расход,Сумма,,Приход,Сумма,Расход,Сумма
Камни обслужка + прошлый месяц,40000,домен limove,999,,РС Сайты 3шт + сео + 1 элемент,155000,ии генспарк,2000,,Камни обслужка,20000,Ии генспарк,2000,,"РС обслужка, сео, нейропоиск",195000,vpn happ,7100,,"РС обслужка, сео, нейропоиск",250000,Vpn happ,7100,,Впн наследник ,400,Сервак под элемент ,1700
Наследник обслужка + сео + тильда,36300,обновление плагинов,2400,,Наследник обслужка + сео + тильда,36300,vpn для агентов,1300,,Наследник обслужка + сео + тильда,36300,Keys.so,5300,,Впн наследники,400,амнезия,400,,Впн наследник ,400,Амнезия,400,,"РС обслужка, сео, нейропоиск",170000,Домен справочная,950
Впн камни,15000,налог,3100,,Наследник Нейропоиск + ссылки гугл,55000,keys.so,5300,,Наследник Нейропоиск ,45000,Амнезия,300,,Наследник обслужка + сео + тильда,36300,Ии генспарк,2000,,Камни обслужка,20000,Ии генспарк,2000,,Впн камни,20000,Продление наследник впн,250
,,тильда,1300,,Камни обслужка,20000,amnezia,300,,Александр Автозапчасти,4000,Накрутка ,16000,,Камни обслужка,20000,Keys.so,5300,,Мессенджер 3 пользователя,15000,Keys.so,5300,,Наследник Тильда,1300,тильда наследник,1300
,,,,,Камни. Впн,15000,накрутка,16000,,Камни. Впн,20000,Налог,12600,,Впн камни,20000,Накрутка камни,17000,,Наследник обслужка + сео + тильда,36300,Накрутка камни ,16000,,,,Vpn happ,7100
,,,,,"РС обслужка, сео, нейропоиск",195000,налог,9300,,"Камни rskrsk домен, хостинг, с л",26000,Lsi,1000,,Мессенджер 1 пользователь,5000,Lsi,1000,,Впн камни,20000,Lsi,1000,,,,Амнезия,400
,,,,,,,Lsi,1000,,,,Антивирус,300,,Симки,9000,Антивирус,300,,,,Антивирус ,300,,,,Ии генспарк,2000
,,,,,,,Антивирус,300,,,,Подписка на сервисы,10000,,,,Подписка на сервисы,10000,,,,Подписка на сервисы,10000,,,,Key.so,5300
,,,,,,,ВПН для саши,200,,,,Vpn happ,3500,,,,Сервак под элемент,1300,,,,Сервак под элемент ,1500,,,,Накрутка камни,16000
,,,,,,,Налог наследник,2200,,,,сервак под элемент,1300,,,,Ссылки камни,10000,,,,Ссылки ритуалка,30000,,,,Lsi,1000
,,,,,,,Тильда,1300,,,,happ,400,,,,Налог камни,11700,,,,Налог ритуалка,15000,,,,Антивирус,300
,,,,,,,Подписка на сервисы,10000,,,,еще генспарк,2000,,,,Happ,6600,,,,Тильда РС и справочная,12000,,,,Сервак под элемент,1700
,,,,,,,Накрутка наследник,4000,,,,накрутка наследник,4000,,,,Happ наследнику,250,,,,Продление наследник впн,250,,,,Налог ритуалка,10200
,,,,,,,Ссылки наследник,10000,,,,налог наследник,2200,,,,Месяц хостинга,1134,,,,Альфа смарт и какая то хуйня ,1000,,,,Налог впн,1200
,,,,,,,Сервер для элемента,1500,,,,тильда,1300,,,,Тильда,1300,,,,тильда наследник,1300,,,,Карты,600
,,,,,,,VPn happ,1900,,,,ссылки наследник,10000,,,,Налог наследник,2200,,,,Продвижение на яндекс картах,300,,,,,
,,,,,,,Симки,5000,,,,2kabana,1000,,,,тильда справочная,750,,,,Накрутка наследник,4000,,,,,
,,,,,,,Домен krasritual,2500,,,,Возврат мозгоёбу,4000,,,,накрутка наследник,4000,,,,Налог наследник,2200,,,,,
,,,,,,,,,,,,Налог впн,1200,,,,Симки,5400,,,,Налог впн камни,1200,,,,,
,,,,,,,,,,,,Налог домен хостинг ссл,1560,,,,Приложение обхода,2000,,,,Vpn happ,7000,,,,,
,,,,,,,,,,,,"Домен, хостинг, ссл rskrsk",19727,,,,Налог впн,1200,,,,Амнезия,400,,,,,
Итого,91300,,7799,,Итого,476300,,74100,,Итого,151300,,99687,,Итого,285700,,90934,,Итого,341700,,118250,,Итого,191700,,48200
Чистый,1649460,,,,,,,,,,,,,,,,,,,,,,,,,,,
Грязные,2201500,,,,,,,,,,,,,,,,,,,,,,,,,,,
,Леша,,,,,,,,,,,,,,,,,,,,,,,,,,,
,Гена,,,,,,,,,,,,,,,,,,,,,,,,,,,
,Ожидаем,,,,,,,,,,,,,,,,,,,,,,,,,,,
,,,,,,,,,,,,,,,,,,,,,,,,,,,,
,,,,,,,,,,,,,,,,,,,,,,,,,,,,
,,,,,,,,,,,,,,,,,,,,,,,,,,,,
Июль,,,,,Август,,,,,Сентябрь,,,,,Октябрь,,,,,Ноябрь,,,,,Декабрь,,,
Приход,Сумма,Расход,Сумма,,Приход,Сумма,Расход,Сумма,,Приход,Сумма,Расход,Сумма,,Приход,Сумма,Расход,Сумма,,Приход,Сумма,Расход,Сумма,,Приход,Сумма,Расход,Сумма
Впн наследник ,400,тильда,1300,,"РС обслужка, сео, нейропоиск",170000,Наследник домен,2200,,"РС обслужка, сео, нейропоиск",170000,Ии агент,2000,,,,,,,,,,,,,,,
Элемент 1 пользователь,5000,впн наследник,250,,Впн наследник ,400,Ии генспарк,2000,,Бот Уйльвия,50000,Key.so,5300,,,,,,,,,,,,,,,
Тильда наследник,1300,Амнезия ,400,,Адвокат,100000,Key.so,5300,,ВПН Уйльвия,400,Накрутка камни,16000,,,,,,,,,,,,,,,
Впн камни,20000,Впн хапп,7100,,Люба впн,400,Накрутка камни,16000,,Наследник обслужка + сео + тильда + домен ,38500,Lsi,1000,,,,,,,,,,,,,,,
Наследник обслужка + сео + тильда,36300,тильда,1300,,Впн камни,20000,Lsi,1000,,Впн Наследник ,400,Антивирус,300,,,,,,,,,,,,,,,
,,накрутка наследник,8000,,,,Антивирус,300,,Впн Люба ,400,Налог ритуалка,10200,,,,,,,,,,,,,,,
,,сервак под элемент,1700,,,,Налог ритуалка,10200,,Уйльвия бот,50000,Карты,600,,,,,,,,,,,,,,,
,,,,,,,Карты,600,,,,сервак под элемент,1700,,,,,,,,,,,,,,,
,,,,,,,Продление наследник впн,250,,,,сервер под бота,300,,,,,,,,,,,,,,,
,,,,,,,Корпус Саше,6700,,,,подписка на ии агента,2000,,,,,,,,,,,,,,,
,,,,,,,Почты для рассылки 10 шт,1200,,,,Налог наследник,2300,,,,,,,,,,,,,,,
,,,,,,,Прокси для рассылки,1200,,,,Накрутка наследник,4000,,,,,,,,,,,,,,,
,,,,,,,Амнезия Финляндия,200,,,,Домен Ульвия,170,,,,,,,,,,,,,,,
,,,,,,,Айпи адрес для Германии,150,,,,Продление домена 2lim,1900,,,,,,,,,,,,,,,
,,,,,,,Впн happ,7100,,,,,,,,,,,,,,,,,,,,
,,,,,,,Амнезия ,400,,,,,,,,,,,,,,,,,,,,
,,,,,,,Налог впн,1200,,,,,,,,,,,,,,,,,,,,
,,,,,,,тильда наследник,1300,,,,,,,,,,,,,,,,,,,,
,,,,,,,Серверы для клиентской амнезии,1100,,,,,,,,,,,,,,,,,,,,
,,,,,,,Домен для vpn,250,,,,,,,,,,,,,,,,,,,,
,,,,,,,,,,,,,,,,,,,,,,,,,,,,
Итого,63000,,20050,,Итого,290800,,47150,,Итого,309700,,45870,,Итого,0,,0,,Итого,0,,0,,Итого,0,,0